Dumb;k_lat;k2_lat;cp_lat_xcorr;cp_lat_phase;cs_lat
0;0.3141592653589793;0.09869604401089357;0.285714285714286;30.05168821235718;0.5773502691896257
